{
  "accuracy": [
    0.1252134144306183,
    0.04505619406700134,
    0.061717741191387177,
    0.060283731669187546,
    0.08679911494255066,
    0.06415893882513046,
    0.06881409883499146,
    0.07018669694662094,
    0.053101394325494766,
    0.09789657592773438,
    0.049459557980298996,
    0.04893140122294426,
    0.051848553121089935
  ],
  "auc": [
    0.9558743238449097,
    0.9631651639938354,
    0.9635014533996582,
    0.9636784195899963,
    0.9624717235565186,
    0.9644967913627625,
    0.9630166292190552,
    0.9634983539581299,
    0.9646059274673462,
    0.9634207487106323,
    0.9638385772705078,
    0.9652665853500366,
    0.9648224115371704
  ],
  "loss": [
    0.10278382152318954,
    0.04404278099536896,
    0.043107639998197556,
    0.04395299404859543,
    0.045083172619342804,
    0.04226238653063774,
    0.044490277767181396,
    0.044133298099040985,
    0.04186106473207474,
    0.04319646582007408,
    0.04063282161951065,
    0.03892894461750984,
    0.03988918289542198
  ],
  "precision": [
    0.5482211112976074,
    0.5559223294258118,
    0.5541324019432068,
    0.5610038638114929,
    0.5657151937484741,
    0.5570025444030762,
    0.5677782893180847,
    0.5682991743087769,
    0.5572863221168518,
    0.5644909739494324,
    0.5692092776298523,
    0.5732874870300293,
    0.5755318999290466
  ],
  "recall": [
    0.979118824005127,
    0.9865560531616211,
    0.9875282645225525,
    0.9867046475410461,
    0.9834164381027222,
    0.9876521229743958,
    0.9844010472297668,
    0.98528653383255,
    0.9878688454627991,
    0.9851998686790466,
    0.985856294631958,
    0.9876087307929993,
    0.9858191013336182
  ],
  "val_accuracy": [
    0.021359700709581375,
    0.03307744115591049,
    0.06319474428892136,
    0.04635509476065636,
    0.04054535552859306,
    0.06377203017473221,
    0.052410490810871124,
    0.06297365576028824,
    0.06323159486055374,
    0.029797948896884918,
    0.03550942614674568,
    0.06283854693174362,
    0.056807711720466614
  ],
  "val_auc": [
    0.9631338119506836,
    0.9611794352531433,
    0.9659252762794495,
    0.9654488563537598,
    0.9619004726409912,
    0.9659594893455505,
    0.9648061990737915,
    0.9640625715255737,
    0.9656121134757996,
    0.9382916688919067,
    0.9642113447189331,
    0.9656321406364441,
    0.9630183577537537
  ],
  "val_loss": [
    0.057560183107852936,
    0.04854259639978409,
    0.04104223474860191,
    0.04337892308831215,
    0.06785460561513901,
    0.04245233163237572,
    0.04173152893781662,
    0.04538634046912193,
    0.04242157191038132,
    0.06744293123483658,
    0.06916873902082443,
    0.039753369987010956,
    0.04014744237065315
  ],
  "val_precision": [
    0.6470953226089478,
    0.5966366529464722,
    0.5970888137817383,
    0.5970463156700134,
    0.6479089856147766,
    0.59679114818573,
    0.5960847735404968,
    0.599237322807312,
    0.5963422060012817,
    0.6476568579673767,
    0.6263015866279602,
    0.596217155456543,
    0.5825814604759216
  ],
  "val_recall": [
    0.9281831979751587,
    0.9781609773635864,
    0.9830031394958496,
    0.9827560782432556,
    0.9269973635673523,
    0.9832501411437988,
    0.983941912651062,
    0.9783092141151428,
    0.9835713505744934,
    0.9269726872444153,
    0.9272444248199463,
    0.9843371510505676,
    0.9842630624771118
  ],
  "learning_rate": [
    0.0005000000237487257,
    0.0005000000237487257,
    0.0005000000237487257,
    0.0005000000237487257,
    0.0005000000237487257,
    0.0005000000237487257,
    0.0005000000237487257,
    0.0005000000237487257,
    0.0005000000237487257,
    0.0005000000237487257,
    0.0002500000118743628,
    0.0002500000118743628,
    0.0002500000118743628
  ]
}