{
  "accuracy": [
    0.06275324523448944,
    0.02481362223625183,
    0.04105816036462784,
    0.039971720427274704,
    0.03934740275144577,
    0.04002681002020836,
    0.03984624519944191,
    0.042625077068805695,
    0.038922008126974106,
    0.038664937019348145,
    0.038768988102674484,
    0.038518037647008896,
    0.040081895887851715,
    0.04121118038892746,
    0.04048892855644226,
    0.04044914245605469,
    0.04125402495265007,
    0.04258835315704346,
    0.040100257843732834
  ],
  "auc": [
    0.9182313084602356,
    0.9310044050216675,
    0.9338030815124512,
    0.9347110986709595,
    0.9351504445075989,
    0.9345740079879761,
    0.9358658790588379,
    0.935706615447998,
    0.934998631477356,
    0.9360904693603516,
    0.936717689037323,
    0.9348809719085693,
    0.9338178634643555,
    0.9338598251342773,
    0.9350197315216064,
    0.9379581809043884,
    0.9390701055526733,
    0.937653124332428,
    0.9388531446456909
  ],
  "loss": [
    0.2131330668926239,
    0.07698527723550797,
    0.07306484878063202,
    0.0733519047498703,
    0.07224176079034805,
    0.07334738224744797,
    0.07199644297361374,
    0.07315538823604584,
    0.07268652319908142,
    0.07181976735591888,
    0.07147214561700821,
    0.07253385335206985,
    0.07261694967746735,
    0.0717497318983078,
    0.07170333713293076,
    0.06689642369747162,
    0.06491541117429733,
    0.06643035262823105,
    0.06563214212656021
  ],
  "precision": [
    0.08034554123878479,
    0.0997454896569252,
    0.11195362359285355,
    0.10924321413040161,
    0.11221864074468613,
    0.10669030994176865,
    0.10968172550201416,
    0.11126414686441422,
    0.10899370908737183,
    0.11040887236595154,
    0.11054728180170059,
    0.11387624591588974,
    0.10762850195169449,
    0.10804259032011032,
    0.11297478526830673,
    0.1188940778374672,
    0.11556767672300339,
    0.11489962041378021,
    0.11843209713697433
  ],
  "recall": [
    0.9469022750854492,
    0.9504614472389221,
    0.9446674585342407,
    0.9450399279594421,
    0.943963885307312,
    0.9460746049880981,
    0.9459918141365051,
    0.9461573362350464,
    0.945867657661438,
    0.9442121982574463,
    0.943963885307312,
    0.9434672594070435,
    0.944046676158905,
    0.9461987614631653,
    0.9410669207572937,
    0.9400323033332825,
    0.9435914158821106,
    0.9438811540603638,
    0.9401978254318237
  ],
  "val_accuracy": [
    0.013257598504424095,
    0.02323446236550808,
    0.03769173473119736,
    0.03917296230792999,
    0.03803449496626854,
    0.03621050715446472,
    0.021471679210662842,
    0.03374995291233063,
    0.03311339393258095,
    0.033872369676828384,
    0.03465582802891731,
    0.033039942383766174,
    0.043053533881902695,
    0.042478177696466446,
    0.04711772873997688,
    0.03313787654042244,
    0.03630843758583069,
    0.025413459166884422,
    0.03531687334179878
  ],
  "val_auc": [
    0.9233964085578918,
    0.9415647387504578,
    0.9337106943130493,
    0.9450434446334839,
    0.94154953956604,
    0.9401302933692932,
    0.937935471534729,
    0.9449845552444458,
    0.9413908123970032,
    0.9444770216941833,
    0.934833288192749,
    0.944666862487793,
    0.9296997785568237,
    0.9405964016914368,
    0.9372835159301758,
    0.9433141946792603,
    0.9443866610527039,
    0.9375719428062439,
    0.9409260749816895
  ],
  "val_loss": [
    0.09434464573860168,
    0.0760311633348465,
    0.08132485300302505,
    0.07328026741743088,
    0.07496021687984467,
    0.07760250568389893,
    0.07857923209667206,
    0.07236327975988388,
    0.08190451562404633,
    0.07486701756715775,
    0.08244016021490097,
    0.07270686328411102,
    0.0795692428946495,
    0.07457893341779709,
    0.07677564769983292,
    0.06784605234861374,
    0.06441415846347809,
    0.07078082114458084,
    0.0683852955698967
  ],
  "val_precision": [
    0.12813414633274078,
    0.129691481590271,
    0.12893466651439667,
    0.13059352338314056,
    0.1305212378501892,
    0.13024534285068512,
    0.13057495653629303,
    0.13030818104743958,
    0.13014718890190125,
    0.1288015991449356,
    0.1291288584470749,
    0.13011746108531952,
    0.12973274290561676,
    0.13049979507923126,
    0.12817806005477905,
    0.1302967369556427,
    0.12932123243808746,
    0.12977205216884613,
    0.13084551692008972
  ],
  "val_recall": [
    0.938348114490509,
    0.9366728067398071,
    0.9353325366973877,
    0.9348299503326416,
    0.934662401676178,
    0.9365052580833435,
    0.9363377690315247,
    0.9371753931045532,
    0.936170220375061,
    0.941531240940094,
    0.9391857981681824,
    0.9408611059188843,
    0.9368403553962708,
    0.9356676340103149,
    0.9358351230621338,
    0.9349974989891052,
    0.9432065486907959,
    0.9356676340103149,
    0.9328195452690125
  ],
  "learning_rate": [
    0.0005000000237487257,
    0.0005000000237487257,
    0.0005000000237487257,
    0.0005000000237487257,
    0.0005000000237487257,
    0.0005000000237487257,
    0.0005000000237487257,
    0.0005000000237487257,
    0.0005000000237487257,
    0.0005000000237487257,
    0.0005000000237487257,
    0.0005000000237487257,
    0.0005000000237487257,
    0.0005000000237487257,
    0.0005000000237487257,
    0.0002500000118743628,
    0.0002500000118743628,
    0.0002500000118743628,
    0.0002500000118743628
  ]
}