{
  "accuracy": [
    0.06396210193634033,
    0.02627342753112316,
    0.02504621259868145,
    0.027901552617549896,
    0.034300822764635086,
    0.03804979845881462,
    0.040785785764455795,
    0.03954632952809334,
    0.04555080831050873,
    0.045967020094394684,
    0.04553856700658798,
    0.047888945788145065,
    0.0505208782851696,
    0.049076374620199203,
    0.046181246638298035,
    0.04382168874144554,
    0.04505808651447296,
    0.04701061174273491,
    0.048421453684568405,
    0.0508820042014122
  ],
  "auc": [
    0.9039621353149414,
    0.9135755300521851,
    0.916875958442688,
    0.9164881706237793,
    0.9186966419219971,
    0.9198131561279297,
    0.9210245609283447,
    0.921147346496582,
    0.9203178882598877,
    0.9213443994522095,
    0.9222651124000549,
    0.9211083054542542,
    0.9224652051925659,
    0.9229005575180054,
    0.9231215119361877,
    0.9218237996101379,
    0.9237040877342224,
    0.923929750919342,
    0.9238513708114624,
    0.9240595102310181
  ],
  "loss": [
    0.21579423546791077,
    0.0899503156542778,
    0.08315551280975342,
    0.07976977527141571,
    0.0793902575969696,
    0.07953489571809769,
    0.07754220068454742,
    0.07779361307621002,
    0.07840988785028458,
    0.0761028453707695,
    0.07671641558408737,
    0.07697219401597977,
    0.07633866369724274,
    0.07735534012317657,
    0.07541724294424057,
    0.07605309039354324,
    0.07489679008722305,
    0.07441451400518417,
    0.07522080093622208,
    0.07440748065710068
  ],
  "precision": [
    0.08899828046560287,
    0.12378086894750595,
    0.1264808475971222,
    0.12852109968662262,
    0.12755362689495087,
    0.12709487974643707,
    0.12890304625034332,
    0.12929803133010864,
    0.12772323191165924,
    0.12869691848754883,
    0.12845633924007416,
    0.126978799700737,
    0.1277623176574707,
    0.1266431361436844,
    0.12804794311523438,
    0.12736815214157104,
    0.12743449211120605,
    0.126853346824646,
    0.1274717152118683,
    0.12678276002407074
  ],
  "recall": [
    0.9233124852180481,
    0.9228572845458984,
    0.9230228066444397,
    0.922402024269104,
    0.9222365021705627,
    0.9227331280708313,
    0.9229400157928467,
    0.921615719795227,
    0.9222365021705627,
    0.9222365021705627,
    0.9219053983688354,
    0.9228572845458984,
    0.9219053983688354,
    0.9222365021705627,
    0.9223606586456299,
    0.9209535121917725,
    0.9217812418937683,
    0.9220295548439026,
    0.9207051992416382,
    0.922319233417511
  ],
  "val_accuracy": [
    0.013306565582752228,
    0.053299710154533386,
    0.013098458759486675,
    0.02110443264245987,
    0.04277197644114494,
    0.037300001829862595,
    0.035108767449855804,
    0.04105816036462784,
    0.016195571050047874,
    0.03565963730216026,
    0.04798687621951103,
    0.04813377559185028,
    0.03703068941831589,
    0.0391484759747982,
    0.030236629769206047,
    0.04306577518582344,
    0.04619961231946945,
    0.03949123993515968,
    0.04025021567940712,
    0.0780031606554985
  ],
  "val_auc": [
    0.923385500907898,
    0.9230175614356995,
    0.924410343170166,
    0.9299280047416687,
    0.9299889802932739,
    0.9304408431053162,
    0.9297362565994263,
    0.931511402130127,
    0.9311909079551697,
    0.9335266947746277,
    0.9334018230438232,
    0.9331541061401367,
    0.931444525718689,
    0.9253770112991333,
    0.7777085304260254,
    0.9337160587310791,
    0.9331376552581787,
    0.9339212775230408,
    0.932712972164154,
    0.9282193779945374
  ],
  "val_loss": [
    0.10135258734226227,
    0.0941678062081337,
    0.09026005864143372,
    0.09202294051647186,
    0.09921811521053314,
    0.08100719749927521,
    0.08598070591688156,
    0.07994306832551956,
    0.07816259562969208,
    0.07907617092132568,
    0.07541797310113907,
    0.07348538190126419,
    0.07941915094852448,
    0.08276433497667313,
    0.17572203278541565,
    0.07326408475637436,
    0.07092513889074326,
    0.07264863699674606,
    0.07131120562553406,
    0.0709400624036789
  ],
  "val_precision": [
    0.1312074363231659,
    0.1321580559015274,
    0.13146746158599854,
    0.13102613389492035,
    0.03175154700875282,
    0.13110320270061493,
    0.13119617104530334,
    0.1312292367219925,
    0.13131457567214966,
    0.13116076588630676,
    0.13119423389434814,
    0.13125193119049072,
    0.13120399415493011,
    0.13866101205348969,
    0.018305981531739235,
    0.13135632872581482,
    0.13118529319763184,
    0.13126587867736816,
    0.13149693608283997,
    0.13172024488449097
  ],
  "val_recall": [
    0.9264533519744873,
    0.9205896854400635,
    0.9254481196403503,
    0.9247780442237854,
    0.9797285795211792,
    0.9257832169532776,
    0.9262858033180237,
    0.9264533519744873,
    0.9262858033180237,
    0.9264533519744873,
    0.9261182546615601,
    0.9254481196403503,
    0.925615668296814,
    0.8976377844810486,
    0.9969844222068787,
    0.9261182546615601,
    0.925615668296814,
    0.9261182546615601,
    0.9261182546615601,
    0.9247780442237854
  ],
  "learning_rate": [
    0.0005000000237487257,
    0.0005000000237487257,
    0.0005000000237487257,
    0.0005000000237487257,
    0.0005000000237487257,
    0.0005000000237487257,
    0.0005000000237487257,
    0.0005000000237487257,
    0.0005000000237487257,
    0.0005000000237487257,
    0.0005000000237487257,
    0.0005000000237487257,
    0.0005000000237487257,
    0.0005000000237487257,
    0.0005000000237487257,
    0.0005000000237487257,
    0.0005000000237487257,
    0.0005000000237487257,
    0.0005000000237487257,
    0.0005000000237487257
  ]
}