{
  "accuracy": [
    0.16344299912452698,
    0.12005775421857834,
    0.09149959683418274,
    0.07322026044130325,
    0.09003635495901108,
    0.09043694287538528,
    0.07519257068634033,
    0.06872206181287766,
    0.07020198553800583,
    0.06658562272787094,
    0.07313402742147446,
    0.0647663101553917,
    0.0637231320142746,
    0.08346013724803925,
    0.06405138224363327,
    0.060323748737573624
  ],
  "auc": [
    0.9901919960975647,
    0.9911403656005859,
    0.9906739592552185,
    0.9905251264572144,
    0.9904621243476868,
    0.9905804395675659,
    0.9905241131782532,
    0.9905701875686646,
    0.9905434846878052,
    0.9906282424926758,
    0.9906447529792786,
    0.9905326962471008,
    0.9905704259872437,
    0.9904999732971191,
    0.9905328750610352,
    0.9905028343200684
  ],
  "loss": [
    0.04996523633599281,
    0.021533912047743797,
    0.021111102774739265,
    0.020870614796876907,
    0.021293284371495247,
    0.02022901363670826,
    0.020877614617347717,
    0.020205721259117126,
    0.01997138001024723,
    0.019772091880440712,
    0.019677571952342987,
    0.02010076306760311,
    0.019904417917132378,
    0.021185968071222305,
    0.01986655220389366,
    0.020149588584899902
  ],
  "precision": [
    0.7363700270652771,
    0.7410711646080017,
    0.7400912642478943,
    0.7390087842941284,
    0.7408813238143921,
    0.7386461496353149,
    0.7395537495613098,
    0.7403995394706726,
    0.7381408214569092,
    0.7383857369422913,
    0.7387474179267883,
    0.7387495040893555,
    0.7380402684211731,
    0.7384758591651917,
    0.7387799024581909,
    0.738820493221283
  ],
  "recall": [
    0.9861972332000732,
    0.9887337684631348,
    0.9894607663154602,
    0.9897196888923645,
    0.9890052080154419,
    0.9900130033493042,
    0.9893858432769775,
    0.9894732236862183,
    0.9901440143585205,
    0.990034818649292,
    0.99004727602005,
    0.9899786710739136,
    0.9899630546569824,
    0.9890520572662354,
    0.9897196888923645,
    0.9897602796554565
  ],
  "val_accuracy": [
    0.21655724942684174,
    0.20719929039478302,
    0.0034494269639253616,
    0.003393790917471051,
    0.20718815922737122,
    0.0034494269639253616,
    0.0034494269639253616,
    0.20712140202522278,
    0.20680983364582062,
    0.1981973946094513,
    0.2069878727197647,
    0.2064092606306076,
    0.2071659117937088,
    0.10508511960506439,
    0.2069656103849411,
    0.20680983364582062
  ],
  "val_auc": [
    0.99192214012146,
    0.9910248517990112,
    0.9908089637756348,
    0.9910743832588196,
    0.9912286400794983,
    0.9911084771156311,
    0.9910943508148193,
    0.990994930267334,
    0.9910617470741272,
    0.9902816414833069,
    0.9910318851470947,
    0.9909800887107849,
    0.9909862279891968,
    0.9917909502983093,
    0.9909621477127075,
    0.9910306930541992
  ],
  "val_loss": [
    0.020921096205711365,
    0.020850034430623055,
    0.02196776308119297,
    0.020326534286141396,
    0.020299969241023064,
    0.019696252420544624,
    0.019474416971206665,
    0.019548065960407257,
    0.01942426711320877,
    0.020465536043047905,
    0.01882920041680336,
    0.019619910046458244,
    0.019074058160185814,
    0.026772700250148773,
    0.019283177331089973,
    0.019200287759304047
  ],
  "val_precision": [
    0.7363601922988892,
    0.7361754179000854,
    0.736189067363739,
    0.7361617088317871,
    0.7360522747039795,
    0.7360796332359314,
    0.7363669872283936,
    0.7359211444854736,
    0.7359701991081238,
    0.7362164258956909,
    0.7363327741622925,
    0.7352733612060547,
    0.7361069917678833,
    0.7366752028465271,
    0.7352051138877869,
    0.736189067363739
  ],
  "val_recall": [
    0.9903727173805237,
    0.9903727173805237,
    0.9903727173805237,
    0.9903727173805237,
    0.9903727173805237,
    0.9903727173805237,
    0.9903727173805237,
    0.9901226758956909,
    0.9903727173805237,
    0.9903727173805237,
    0.9903727173805237,
    0.9903727173805237,
    0.9903727173805237,
    0.9903727173805237,
    0.9903727173805237,
    0.9903727173805237
  ],
  "learning_rate": [
    0.0005000000237487257,
    0.0005000000237487257,
    0.0005000000237487257,
    0.0005000000237487257,
    0.0005000000237487257,
    0.0005000000237487257,
    0.0005000000237487257,
    0.0005000000237487257,
    0.0005000000237487257,
    0.0005000000237487257,
    0.0005000000237487257,
    0.0005000000237487257,
    0.0005000000237487257,
    0.0005000000237487257,
    0.0005000000237487257,
    0.0005000000237487257
  ]
}